symbol,open,close,high,low,volume,changePercent,date,companyName,sector
EOG,51.03,49.86,51.99,49.78,3394827,0.0,2020-07-01,"EOG Resources, Inc.","Mining, Quarrying, and Oil and Gas Extraction"
EOG,51.17,50.52,51.63,50.45,4166420,0.0132,2020-07-02,"EOG Resources, Inc.","Mining, Quarrying, and Oil and Gas Extraction"
EOG,51.22,50.41,52.09,49.87,2381365,-0.0022,2020-07-06,"EOG Resources, Inc.","Mining, Quarrying, and Oil and Gas Extraction"
EOG,49.68,48.11,49.78,48.02,3780131,-0.0456,2020-07-07,"EOG Resources, Inc.","Mining, Quarrying, and Oil and Gas Extraction"
EOG,48.28,47.44,48.755,47.17,3867401,-0.0139,2020-07-08,"EOG Resources, Inc.","Mining, Quarrying, and Oil and Gas Extraction"
EOG,47.28,44.34,47.44,44.28,5210031,-0.0653,2020-07-09,"EOG Resources, Inc.","Mining, Quarrying, and Oil and Gas Extraction"
EOG,44.34,45.4,45.57,44.04,6245707,0.0239,2020-07-10,"EOG Resources, Inc.","Mining, Quarrying, and Oil and Gas Extraction"
EOG,45.87,44.95,46.135,44.54,3817909,-0.0099,2020-07-13,"EOG Resources, Inc.","Mining, Quarrying, and Oil and Gas Extraction"
EOG,44.84,47.28,47.3,44.47,3695583,0.0518,2020-07-14,"EOG Resources, Inc.","Mining, Quarrying, and Oil and Gas Extraction"
EOG,48.29,47.46,48.413,46.3,4202053,0.0038,2020-07-15,"EOG Resources, Inc.","Mining, Quarrying, and Oil and Gas Extraction"
EOG,46.52,47.82,48.35,46.14,3080108,0.0076,2020-07-16,"EOG Resources, Inc.","Mining, Quarrying, and Oil and Gas Extraction"
EOG,47.83,47.16,48.89,46.86,2949519,-0.0138,2020-07-17,"EOG Resources, Inc.","Mining, Quarrying, and Oil and Gas Extraction"
EOG,46.93,47.7,48.65,46.93,4004072,0.0115,2020-07-20,"EOG Resources, Inc.","Mining, Quarrying, and Oil and Gas Extraction"
EOG,48.7,50.42,50.99,48.7,4584509,0.057,2020-07-21,"EOG Resources, Inc.","Mining, Quarrying, and Oil and Gas Extraction"
EOG,49.61,50.19,50.48,49.01,2564996,-0.0046,2020-07-22,"EOG Resources, Inc.","Mining, Quarrying, and Oil and Gas Extraction"
EOG,49.58,48.85,50.075,48.625,4936375,-0.0267,2020-07-23,"EOG Resources, Inc.","Mining, Quarrying, and Oil and Gas Extraction"
EOG,49.14,49.04,49.98,48.62,3055045,0.0039,2020-07-24,"EOG Resources, Inc.","Mining, Quarrying, and Oil and Gas Extraction"
EOG,48.81,48.56,49.49,48.17,2474830,-0.0098,2020-07-27,"EOG Resources, Inc.","Mining, Quarrying, and Oil and Gas Extraction"
EOG,48.11,47.27,48.69,47.19,2763314,-0.0266,2020-07-28,"EOG Resources, Inc.","Mining, Quarrying, and Oil and Gas Extraction"
EOG,47.39,48.5,48.52,46.945,3016230,0.026,2020-07-29,"EOG Resources, Inc.","Mining, Quarrying, and Oil and Gas Extraction"
EOG,47.34,46.58,47.687,46.09,3226862,-0.0396,2020-07-30,"EOG Resources, Inc.","Mining, Quarrying, and Oil and Gas Extraction"
EOG,45.91,46.85,46.8843,45.85,2882753,0.0058,2020-07-31,"EOG Resources, Inc.","Mining, Quarrying, and Oil and Gas Extraction"
EOG,46.86,46.37,47.07,45.91,4004510,-0.0102,2020-08-03,"EOG Resources, Inc.","Mining, Quarrying, and Oil and Gas Extraction"
EOG,46.38,48.46,48.77,46.09,5754259,0.0451,2020-08-04,"EOG Resources, Inc.","Mining, Quarrying, and Oil and Gas Extraction"
EOG,49.87,50.75,51.11,49.52,5070023,0.0473,2020-08-05,"EOG Resources, Inc.","Mining, Quarrying, and Oil and Gas Extraction"
EOG,50.41,50.89,51.08,50.26,3290616,0.0028,2020-08-06,"EOG Resources, Inc.","Mining, Quarrying, and Oil and Gas Extraction"
EOG,47.0,48.81,49.19,45.07,8528582,-0.0409,2020-08-07,"EOG Resources, Inc.","Mining, Quarrying, and Oil and Gas Extraction"
EOG,48.99,50.46,50.63,48.64,4089132,0.0338,2020-08-10,"EOG Resources, Inc.","Mining, Quarrying, and Oil and Gas Extraction"
EOG,52.0,49.42,52.78,49.23,5529011,-0.0206,2020-08-11,"EOG Resources, Inc.","Mining, Quarrying, and Oil and Gas Extraction"
EOG,50.33,49.09,50.34,48.62,4644346,-0.0067,2020-08-12,"EOG Resources, Inc.","Mining, Quarrying, and Oil and Gas Extraction"
EOG,48.77,47.42,49.15,47.38,3394574,-0.034,2020-08-13,"EOG Resources, Inc.","Mining, Quarrying, and Oil and Gas Extraction"
EOG,47.35,47.97,47.98,46.9335,3498927,0.0116,2020-08-14,"EOG Resources, Inc.","Mining, Quarrying, and Oil and Gas Extraction"
EOG,47.9,46.54,47.9,46.09,4693828,-0.0298,2020-08-17,"EOG Resources, Inc.","Mining, Quarrying, and Oil and Gas Extraction"
EOG,46.32,46.35,47.18,46.18,3215371,-0.0041,2020-08-18,"EOG Resources, Inc.","Mining, Quarrying, and Oil and Gas Extraction"
EOG,46.2,45.61,46.56,45.4403,2878945,-0.016,2020-08-19,"EOG Resources, Inc.","Mining, Quarrying, and Oil and Gas Extraction"
EOG,44.96,44.1,45.3,44.09,4225548,-0.0331,2020-08-20,"EOG Resources, Inc.","Mining, Quarrying, and Oil and Gas Extraction"
EOG,44.08,43.39,44.12,42.98,4166373,-0.0161,2020-08-21,"EOG Resources, Inc.","Mining, Quarrying, and Oil and Gas Extraction"
EOG,43.71,44.33,44.965,43.36,6078888,0.0217,2020-08-24,"EOG Resources, Inc.","Mining, Quarrying, and Oil and Gas Extraction"
EOG,44.98,44.38,45.13,44.05,3263377,0.0011,2020-08-25,"EOG Resources, Inc.","Mining, Quarrying, and Oil and Gas Extraction"
EOG,44.24,43.26,44.36,43.01,3054055,-0.0252,2020-08-26,"EOG Resources, Inc.","Mining, Quarrying, and Oil and Gas Extraction"
EOG,43.61,44.95,45.1,43.2,5453766,0.0391,2020-08-27,"EOG Resources, Inc.","Mining, Quarrying, and Oil and Gas Extraction"
EOG,45.31,46.21,46.25,44.76,3365853,0.028,2020-08-28,"EOG Resources, Inc.","Mining, Quarrying, and Oil and Gas Extraction"
EOG,46.22,45.34,46.25,45.01,3017617,-0.0188,2020-08-31,"EOG Resources, Inc.","Mining, Quarrying, and Oil and Gas Extraction"
EOG,44.72,45.21,45.375,44.39,2906426,-0.0029,2020-09-01,"EOG Resources, Inc.","Mining, Quarrying, and Oil and Gas Extraction"
EOG,44.72,43.7,45.14,43.53,5249985,-0.0334,2020-09-02,"EOG Resources, Inc.","Mining, Quarrying, and Oil and Gas Extraction"
EOG,43.71,43.13,44.6,42.78,5188178,-0.013,2020-09-03,"EOG Resources, Inc.","Mining, Quarrying, and Oil and Gas Extraction"
EOG,43.57,43.14,43.92,42.55,4418485,0.0002,2020-09-04,"EOG Resources, Inc.","Mining, Quarrying, and Oil and Gas Extraction"
EOG,42.17,40.83,42.36,40.03,5747395,-0.0535,2020-09-08,"EOG Resources, Inc.","Mining, Quarrying, and Oil and Gas Extraction"
EOG,41.36,41.86,42.34,40.95,3565132,0.0252,2020-09-09,"EOG Resources, Inc.","Mining, Quarrying, and Oil and Gas Extraction"
EOG,41.82,38.0,41.82,37.99,7457202,-0.0922,2020-09-10,"EOG Resources, Inc.","Mining, Quarrying, and Oil and Gas Extraction"
EOG,38.48,39.05,39.19,37.9,5658349,0.0276,2020-09-11,"EOG Resources, Inc.","Mining, Quarrying, and Oil and Gas Extraction"
EOG,39.31,39.17,39.76,38.54,5543260,0.0031,2020-09-14,"EOG Resources, Inc.","Mining, Quarrying, and Oil and Gas Extraction"
EOG,39.5,38.59,39.78,38.43,4791164,-0.0148,2020-09-15,"EOG Resources, Inc.","Mining, Quarrying, and Oil and Gas Extraction"
EOG,38.9,40.86,41.58,38.65,6554612,0.0588,2020-09-16,"EOG Resources, Inc.","Mining, Quarrying, and Oil and Gas Extraction"
EOG,39.86,41.19,41.2,39.56,3900685,0.0081,2020-09-17,"EOG Resources, Inc.","Mining, Quarrying, and Oil and Gas Extraction"
EOG,40.8,40.71,41.55,40.31,5865754,-0.0117,2020-09-18,"EOG Resources, Inc.","Mining, Quarrying, and Oil and Gas Extraction"
EOG,39.5,38.81,40.11,38.29,4719980,-0.0467,2020-09-21,"EOG Resources, Inc.","Mining, Quarrying, and Oil and Gas Extraction"
EOG,39.07,38.45,39.7,37.9761,3768221,-0.0093,2020-09-22,"EOG Resources, Inc.","Mining, Quarrying, and Oil and Gas Extraction"
EOG,38.71,36.38,39.08,36.34,4041385,-0.0538,2020-09-23,"EOG Resources, Inc.","Mining, Quarrying, and Oil and Gas Extraction"
EOG,36.18,36.65,37.44,35.33,4431716,0.0074,2020-09-24,"EOG Resources, Inc.","Mining, Quarrying, and Oil and Gas Extraction"
EOG,36.25,37.45,37.8,36.06,3366030,0.0218,2020-09-25,"EOG Resources, Inc.","Mining, Quarrying, and Oil and Gas Extraction"
EOG,38.37,37.44,38.37,37.26,4169951,-0.0003,2020-09-28,"EOG Resources, Inc.","Mining, Quarrying, and Oil and Gas Extraction"
EOG,37.24,36.19,37.47,34.9,7018353,-0.0334,2020-09-29,"EOG Resources, Inc.","Mining, Quarrying, and Oil and Gas Extraction"
EOG,36.44,35.94,36.76,35.8,6033687,-0.0069,2020-09-30,"EOG Resources, Inc.","Mining, Quarrying, and Oil and Gas Extraction"
FRC,106.62,105.03,106.89,104.59,1001641,0.0,2020-07-01,First Republic Bank,Finance and Insurance
FRC,107.63,104.62,108.43,103.915,802620,-0.0039,2020-07-02,First Republic Bank,Finance and Insurance
FRC,106.37,105.79,108.16,104.9,646732,0.0112,2020-07-06,First Republic Bank,Finance and Insurance
FRC,104.98,103.6,105.99,103.58,866209,-0.0207,2020-07-07,First Republic Bank,Finance and Insurance
FRC,104.06,103.8,104.88,102.41,1139562,0.0019,2020-07-08,First Republic Bank,Finance and Insurance
FRC,103.29,102.31,104.055,100.82,835789,-0.0144,2020-07-09,First Republic Bank,Finance and Insurance
FRC,101.95,105.48,105.55,101.95,792495,0.031,2020-07-10,First Republic Bank,Finance and Insurance
FRC,106.41,106.76,109.04,105.31,1376793,0.0121,2020-07-13,First Republic Bank,Finance and Insurance
FRC,107.71,108.72,110.65,105.69,1164624,0.0184,2020-07-14,First Republic Bank,Finance and Insurance
FRC,110.49,111.08,111.665,109.73,771574,0.0217,2020-07-15,First Republic Bank,Finance and Insurance
FRC,110.08,112.44,113.05,109.67,762809,0.0122,2020-07-16,First Republic Bank,Finance and Insurance
FRC,112.59,112.1,113.2,111.88,684089,-0.003,2020-07-17,First Republic Bank,Finance and Insurance
FRC,111.09,111.57,112.09,110.76,529970,-0.0047,2020-07-20,First Republic Bank,Finance and Insurance
FRC,111.44,113.88,113.925,111.31,774172,0.0207,2020-07-21,First Republic Bank,Finance and Insurance
FRC,113.15,113.2,113.92,112.355,728903,-0.006,2020-07-22,First Republic Bank,Finance and Insurance
FRC,113.17,115.12,115.58,113.1,658957,0.017,2020-07-23,First Republic Bank,Finance and Insurance
FRC,115.47,114.82,115.84,114.58,433353,-0.0026,2020-07-24,First Republic Bank,Finance and Insurance
FRC,114.08,113.9,114.59,112.75,364964,-0.008,2020-07-27,First Republic Bank,Finance and Insurance
FRC,113.18,112.21,113.58,112.17,566649,-0.0148,2020-07-28,First Republic Bank,Finance and Insurance
FRC,111.59,113.72,113.9,110.62,513775,0.0135,2020-07-29,First Republic Bank,Finance and Insurance
FRC,111.61,112.44,112.83,110.83,560538,-0.0113,2020-07-30,First Republic Bank,Finance and Insurance
FRC,112.03,112.48,112.57,110.58,648724,0.0004,2020-07-31,First Republic Bank,Finance and Insurance
FRC,112.82,112.94,113.6,111.55,604220,0.0041,2020-08-03,First Republic Bank,Finance and Insurance
FRC,112.73,113.2,113.4519,111.82,591527,0.0023,2020-08-04,First Republic Bank,Finance and Insurance
FRC,114.0,114.55,114.98,113.45,340453,0.0119,2020-08-05,First Republic Bank,Finance and Insurance
FRC,114.02,113.95,114.68,113.13,392725,-0.0052,2020-08-06,First Republic Bank,Finance and Insurance
FRC,113.42,116.12,116.17,112.94,564047,0.019,2020-08-07,First Republic Bank,Finance and Insurance
FRC,116.55,116.14,117.83,115.9,535397,0.0002,2020-08-10,First Republic Bank,Finance and Insurance
FRC,118.0,119.01,120.26,117.265,683654,0.0247,2020-08-11,First Republic Bank,Finance and Insurance
FRC,120.92,119.36,121.17,118.065,763446,0.0029,2020-08-12,First Republic Bank,Finance and Insurance
FRC,117.71,117.59,118.68,117.48,400451,-0.0148,2020-08-13,First Republic Bank,Finance and Insurance
FRC,116.74,117.34,118.25,116.47,516665,-0.0021,2020-08-14,First Republic Bank,Finance and Insurance
FRC,116.66,115.52,117.285,115.42,659800,-0.0155,2020-08-17,First Republic Bank,Finance and Insurance
FRC,115.54,114.27,115.91,113.84,463092,-0.0108,2020-08-18,First Republic Bank,Finance and Insurance
FRC,114.97,114.63,116.365,114.525,427695,0.0032,2020-08-19,First Republic Bank,Finance and Insurance
FRC,113.59,112.81,114.145,112.61,471200,-0.0159,2020-08-20,First Republic Bank,Finance and Insurance
FRC,112.58,112.97,113.12,111.53,544581,0.0014,2020-08-21,First Republic Bank,Finance and Insurance
FRC,113.35,115.09,115.14,112.8301,793049,0.0188,2020-08-24,First Republic Bank,Finance and Insurance
FRC,116.58,115.67,117.26,114.82,455778,0.005,2020-08-25,First Republic Bank,Finance and Insurance
FRC,115.09,113.43,115.15,113.32,526922,-0.0194,2020-08-26,First Republic Bank,Finance and Insurance
FRC,113.68,114.84,115.465,113.65,504380,0.0124,2020-08-27,First Republic Bank,Finance and Insurance
FRC,116.06,114.74,116.14,114.25,439080,-0.0009,2020-08-28,First Republic Bank,Finance and Insurance
FRC,114.33,112.91,114.78,112.85,729250,-0.0159,2020-08-31,First Republic Bank,Finance and Insurance
FRC,112.44,113.37,113.84,111.85,616062,0.0041,2020-09-01,First Republic Bank,Finance and Insurance
FRC,113.09,114.39,115.1,112.68,1261715,0.009,2020-09-02,First Republic Bank,Finance and Insurance
FRC,115.35,112.99,116.76,112.5,1083333,-0.0122,2020-09-03,First Republic Bank,Finance and Insurance
FRC,114.96,114.53,115.81,112.72,739457,0.0136,2020-09-04,First Republic Bank,Finance and Insurance
FRC,113.41,110.11,113.46,109.38,818738,-0.0386,2020-09-08,First Republic Bank,Finance and Insurance
FRC,110.78,109.49,111.08,109.06,635988,-0.0056,2020-09-09,First Republic Bank,Finance and Insurance
FRC,109.68,107.5,110.59,107.05,872378,-0.0182,2020-09-10,First Republic Bank,Finance and Insurance
FRC,107.37,106.98,108.11,106.02,672261,-0.0048,2020-09-11,First Republic Bank,Finance and Insurance
FRC,107.77,107.9,109.535,107.42,560016,0.0086,2020-09-14,First Republic Bank,Finance and Insurance
FRC,108.34,108.07,109.08,107.05,641732,0.0016,2020-09-15,First Republic Bank,Finance and Insurance
FRC,108.05,108.38,109.5726,107.36,849632,0.0029,2020-09-16,First Republic Bank,Finance and Insurance
FRC,107.13,107.88,108.49,106.61,721263,-0.0046,2020-09-17,First Republic Bank,Finance and Insurance
FRC,107.09,108.43,108.89,107.03,1134549,0.0051,2020-09-18,First Republic Bank,Finance and Insurance
FRC,106.05,105.86,107.53,104.3,884551,-0.0237,2020-09-21,First Republic Bank,Finance and Insurance
FRC,105.6,103.2,106.825,101.76,1242621,-0.0251,2020-09-22,First Republic Bank,Finance and Insurance
FRC,103.39,100.94,104.58,100.85,649000,-0.0219,2020-09-23,First Republic Bank,Finance and Insurance
FRC,101.53,102.99,104.19,100.38,880369,0.0203,2020-09-24,First Republic Bank,Finance and Insurance
FRC,102.11,104.91,105.1,102.11,662059,0.0186,2020-09-25,First Republic Bank,Finance and Insurance
FRC,106.36,108.17,109.2,105.935,975291,0.0311,2020-09-28,First Republic Bank,Finance and Insurance
FRC,107.64,107.67,108.97,107.31,927657,-0.0046,2020-09-29,First Republic Bank,Finance and Insurance
FRC,108.0,109.06,110.26,107.78,842436,0.0129,2020-09-30,First Republic Bank,Finance and Insurance
BEN,21.01,20.2,21.01,20.18,2999269,0.0,2020-07-01,"Franklin Resources, Inc.",Finance and Insurance
BEN,20.75,20.38,21.0,20.305,2559628,0.0089,2020-07-02,"Franklin Resources, Inc.",Finance and Insurance
BEN,20.94,20.93,21.25,20.77,2316142,0.027,2020-07-06,"Franklin Resources, Inc.",Finance and Insurance
BEN,20.63,20.67,20.915,20.58,2770542,-0.0124,2020-07-07,"Franklin Resources, Inc.",Finance and Insurance
BEN,20.76,21.13,21.23,20.63,2681861,0.0223,2020-07-08,"Franklin Resources, Inc.",Finance and Insurance
BEN,21.02,20.27,21.105,20.19,2785853,-0.0407,2020-07-09,"Franklin Resources, Inc.",Finance and Insurance
BEN,20.28,21.1,21.16,20.265,4200834,0.0409,2020-07-10,"Franklin Resources, Inc.",Finance and Insurance
BEN,21.33,20.86,21.395,20.77,3632720,-0.0114,2020-07-13,"Franklin Resources, Inc.",Finance and Insurance
BEN,20.55,20.76,20.85,20.33,2194826,-0.0048,2020-07-14,"Franklin Resources, Inc.",Finance and Insurance
BEN,21.31,21.52,21.58,20.86,2468245,0.0366,2020-07-15,"Franklin Resources, Inc.",Finance and Insurance
BEN,21.3,21.31,21.84,21.14,1700830,-0.0098,2020-07-16,"Franklin Resources, Inc.",Finance and Insurance
BEN,21.38,21.05,21.61,20.98,2142000,-0.0122,2020-07-17,"Franklin Resources, Inc.",Finance and Insurance
BEN,20.87,20.4,20.9,20.3,3621776,-0.0309,2020-07-20,"Franklin Resources, Inc.",Finance and Insurance
BEN,20.54,21.26,21.26,20.51,3827413,0.0422,2020-07-21,"Franklin Resources, Inc.",Finance and Insurance
BEN,21.18,20.91,21.33,20.78,2890828,-0.0165,2020-07-22,"Franklin Resources, Inc.",Finance and Insurance
BEN,20.75,20.8,20.98,20.465,4056126,-0.0053,2020-07-23,"Franklin Resources, Inc.",Finance and Insurance
BEN,20.87,20.6,21.1,20.545,3001810,-0.0096,2020-07-24,"Franklin Resources, Inc.",Finance and Insurance
BEN,20.45,21.02,21.165,20.42,4181573,0.0204,2020-07-27,"Franklin Resources, Inc.",Finance and Insurance
BEN,20.76,20.56,20.79,19.78,7233290,-0.0219,2020-07-28,"Franklin Resources, Inc.",Finance and Insurance
BEN,20.77,21.12,21.18,20.54,5442832,0.0272,2020-07-29,"Franklin Resources, Inc.",Finance and Insurance
BEN,20.69,20.67,20.86,20.47,3363695,-0.0213,2020-07-30,"Franklin Resources, Inc.",Finance and Insurance
BEN,20.62,21.05,21.06,20.5,13424161,0.0184,2020-07-31,"Franklin Resources, Inc.",Finance and Insurance
BEN,21.05,21.47,21.61,20.91,3111258,0.02,2020-08-03,"Franklin Resources, Inc.",Finance and Insurance
BEN,21.3,21.21,21.51,21.05,2346807,-0.0121,2020-08-04,"Franklin Resources, Inc.",Finance and Insurance
BEN,21.37,22.18,22.24,21.37,3199415,0.0457,2020-08-05,"Franklin Resources, Inc.",Finance and Insurance
BEN,22.05,21.85,22.23,21.805,2363626,-0.0149,2020-08-06,"Franklin Resources, Inc.",Finance and Insurance
BEN,21.69,22.31,22.38,21.63,2108836,0.0211,2020-08-07,"Franklin Resources, Inc.",Finance and Insurance
BEN,22.41,22.38,22.47,22.1,2345761,0.0031,2020-08-10,"Franklin Resources, Inc.",Finance and Insurance
BEN,22.71,22.67,23.2634,22.555,3962008,0.013,2020-08-11,"Franklin Resources, Inc.",Finance and Insurance
BEN,23.02,22.01,23.29,21.79,3520911,-0.0291,2020-08-12,"Franklin Resources, Inc.",Finance and Insurance
BEN,21.81,21.88,22.22,21.67,2031424,-0.0059,2020-08-13,"Franklin Resources, Inc.",Finance and Insurance
BEN,21.76,21.95,22.07,21.51,1613566,0.0032,2020-08-14,"Franklin Resources, Inc.",Finance and Insurance
BEN,21.9,21.8,22.055,21.56,2036514,-0.0068,2020-08-17,"Franklin Resources, Inc.",Finance and Insurance
BEN,21.8,21.72,22.03,21.69,2131681,-0.0037,2020-08-18,"Franklin Resources, Inc.",Finance and Insurance
BEN,21.68,21.67,21.98,21.56,1849399,-0.0023,2020-08-19,"Franklin Resources, Inc.",Finance and Insurance
BEN,21.45,21.17,21.56,21.165,2058500,-0.0231,2020-08-20,"Franklin Resources, Inc.",Finance and Insurance
BEN,21.12,20.99,21.315,20.785,2795755,-0.0085,2020-08-21,"Franklin Resources, Inc.",Finance and Insurance
BEN,21.04,21.57,21.58,20.94,2492040,0.0276,2020-08-24,"Franklin Resources, Inc.",Finance and Insurance
BEN,21.77,21.46,21.88,21.395,1218873,-0.0051,2020-08-25,"Franklin Resources, Inc.",Finance and Insurance
BEN,21.4,21.3,21.43,21.17,1904878,-0.0075,2020-08-26,"Franklin Resources, Inc.",Finance and Insurance
BEN,21.32,21.35,21.58,21.085,2383785,0.0023,2020-08-27,"Franklin Resources, Inc.",Finance and Insurance
BEN,21.52,21.33,21.52,21.06,2000836,-0.0009,2020-08-28,"Franklin Resources, Inc.",Finance and Insurance
BEN,21.34,21.06,21.37,20.89,2796534,-0.0127,2020-08-31,"Franklin Resources, Inc.",Finance and Insurance
BEN,20.87,21.02,21.115,20.75,1952350,-0.0019,2020-09-01,"Franklin Resources, Inc.",Finance and Insurance
BEN,21.0,21.77,21.87,20.92,3627383,0.0357,2020-09-02,"Franklin Resources, Inc.",Finance and Insurance
BEN,21.79,21.52,22.2,21.39,2798099,-0.0115,2020-09-03,"Franklin Resources, Inc.",Finance and Insurance
BEN,21.82,21.3,21.97,21.29,2854165,-0.0102,2020-09-04,"Franklin Resources, Inc.",Finance and Insurance
BEN,21.13,20.56,21.19,20.43,3195181,-0.0347,2020-09-08,"Franklin Resources, Inc.",Finance and Insurance
BEN,20.68,20.4,20.71,20.275,3017220,-0.0078,2020-09-09,"Franklin Resources, Inc.",Finance and Insurance
BEN,20.27,20.07,20.425,20.015,3931926,-0.0162,2020-09-10,"Franklin Resources, Inc.",Finance and Insurance
BEN,20.09,20.23,20.375,20.04,2852135,0.008,2020-09-11,"Franklin Resources, Inc.",Finance and Insurance
BEN,20.33,20.37,20.63,20.22,2438591,0.0069,2020-09-14,"Franklin Resources, Inc.",Finance and Insurance
BEN,20.42,20.39,20.6,20.37,2501308,0.001,2020-09-15,"Franklin Resources, Inc.",Finance and Insurance
BEN,20.41,21.06,21.38,20.37,2439641,0.0329,2020-09-16,"Franklin Resources, Inc.",Finance and Insurance
BEN,20.77,21.0,21.03,20.63,2173026,-0.0028,2020-09-17,"Franklin Resources, Inc.",Finance and Insurance
BEN,20.95,21.22,21.4,20.89,5448733,0.0105,2020-09-18,"Franklin Resources, Inc.",Finance and Insurance
BEN,20.69,20.1,21.01,20.02,4215171,-0.0528,2020-09-21,"Franklin Resources, Inc.",Finance and Insurance
BEN,20.06,19.87,20.29,19.56,2695513,-0.0114,2020-09-22,"Franklin Resources, Inc.",Finance and Insurance
BEN,19.9,19.58,20.37,19.58,2798920,-0.0146,2020-09-23,"Franklin Resources, Inc.",Finance and Insurance
BEN,19.53,19.27,19.615,19.105,2818397,-0.0158,2020-09-24,"Franklin Resources, Inc.",Finance and Insurance
BEN,19.16,19.64,19.735,19.15,2664957,0.0192,2020-09-25,"Franklin Resources, Inc.",Finance and Insurance
BEN,20.0,20.47,20.575,19.99,2903104,0.0423,2020-09-28,"Franklin Resources, Inc.",Finance and Insurance
BEN,20.09,20.04,20.18,19.785,2218932,-0.021,2020-09-29,"Franklin Resources, Inc.",Finance and Insurance
BEN,20.13,20.35,20.546,20.07,2446891,0.0155,2020-09-30,"Franklin Resources, Inc.",Finance and Insurance
APH,48.075,47.54,48.425,47.31,2931042,0.0,2020-07-01,Amphenol Corp.,Manufacturing
APH,48.375,47.935,48.67,47.6525,2541584,0.0083,2020-07-02,Amphenol Corp.,Manufacturing
APH,48.765,49.07,49.195,48.505,2077146,0.0237,2020-07-06,Amphenol Corp.,Manufacturing
APH,48.585,48.11,48.987,48.045,1839284,-0.0196,2020-07-07,Amphenol Corp.,Manufacturing
APH,48.095,47.525,48.25,47.1625,2992730,-0.0122,2020-07-08,Amphenol Corp.,Manufacturing
APH,47.395,47.245,47.705,46.81,3387250,-0.0059,2020-07-09,Amphenol Corp.,Manufacturing
APH,47.325,47.465,47.66,46.76,2313278,0.0047,2020-07-10,Amphenol Corp.,Manufacturing
APH,47.935,47.23,48.1034,47.09,3772766,-0.005,2020-07-13,Amphenol Corp.,Manufacturing
APH,47.265,48.7,48.735,47.08,3962542,0.0311,2020-07-14,Amphenol Corp.,Manufacturing
APH,49.145,50.22,50.39,49.145,4723642,0.0312,2020-07-15,Amphenol Corp.,Manufacturing
APH,50.225,50.455,50.66,50.1275,2234466,0.0047,2020-07-16,Amphenol Corp.,Manufacturing
APH,50.76,51.01,51.275,50.555,2472774,0.011,2020-07-17,Amphenol Corp.,Manufacturing
APH,50.855,50.74,51.0025,50.295,2909142,-0.0053,2020-07-20,Amphenol Corp.,Manufacturing
APH,51.06,51.05,51.59,50.935,2507622,0.0061,2020-07-21,Amphenol Corp.,Manufacturing
APH,52.0,51.635,53.155,50.9714,3837170,0.0115,2020-07-22,Amphenol Corp.,Manufacturing
APH,52.23,52.8,52.99,51.915,4446340,0.0226,2020-07-23,Amphenol Corp.,Manufacturing
APH,52.575,52.195,52.785,51.88,2935570,-0.0115,2020-07-24,Amphenol Corp.,Manufacturing
APH,52.21,53.085,53.215,52.01,2459008,0.0171,2020-07-27,Amphenol Corp.,Manufacturing
APH,52.965,52.105,53.07,52.01,2376138,-0.0185,2020-07-28,Amphenol Corp.,Manufacturing
APH,52.26,52.915,53.095,52.045,2727904,0.0155,2020-07-29,Amphenol Corp.,Manufacturing
APH,52.35,52.585,52.715,52.06,2380738,-0.0062,2020-07-30,Amphenol Corp.,Manufacturing
APH,52.485,52.88,52.945,52.02,2362874,0.0056,2020-07-31,Amphenol Corp.,Manufacturing
APH,52.98,53.695,53.87,52.98,2219096,0.0154,2020-08-03,Amphenol Corp.,Manufacturing
APH,53.565,54.21,54.27,53.5,2202090,0.0096,2020-08-04,Amphenol Corp.,Manufacturing
APH,54.365,54.325,54.75,54.045,1618322,0.0021,2020-08-05,Amphenol Corp.,Manufacturing
APH,54.09,54.175,54.415,53.935,1550246,-0.0028,2020-08-06,Amphenol Corp.,Manufacturing
APH,53.985,53.98,54.22,53.57,2178732,-0.0036,2020-08-07,Amphenol Corp.,Manufacturing
APH,53.845,54.06,54.47,53.805,4535814,0.0015,2020-08-10,Amphenol Corp.,Manufacturing
APH,54.355,54.405,55.0,54.28,3328002,0.0064,2020-08-11,Amphenol Corp.,Manufacturing
APH,54.63,54.895,55.1875,54.2201,2711162,0.009,2020-08-12,Amphenol Corp.,Manufacturing
APH,54.675,55.285,55.7,54.405,2069890,0.0071,2020-08-13,Amphenol Corp.,Manufacturing
APH,55.035,54.89,55.15,54.72,1594394,-0.0071,2020-08-14,Amphenol Corp.,Manufacturing
APH,55.095,54.945,55.395,54.9,1677792,0.001,2020-08-17,Amphenol Corp.,Manufacturing
APH,54.83,54.575,54.93,54.505,1664366,-0.0067,2020-08-18,Amphenol Corp.,Manufacturing
APH,54.75,54.57,54.98,54.46,1169272,-0.0001,2020-08-19,Amphenol Corp.,Manufacturing
APH,54.14,53.65,54.25,53.545,1776514,-0.0169,2020-08-20,Amphenol Corp.,Manufacturing
APH,53.65,54.12,54.3,53.555,1926438,0.0088,2020-08-21,Amphenol Corp.,Manufacturing
APH,52.495,54.375,54.635,52.1,1655298,0.0047,2020-08-24,Amphenol Corp.,Manufacturing
APH,54.57,54.455,55.095,54.26,2147000,0.0015,2020-08-25,Amphenol Corp.,Manufacturing
APH,54.48,54.525,54.785,54.255,1875094,0.0013,2020-08-26,Amphenol Corp.,Manufacturing
APH,55.025,54.05,55.025,53.95,1626594,-0.0087,2020-08-27,Amphenol Corp.,Manufacturing
APH,54.095,54.89,54.975,53.865,2152612,0.0155,2020-08-28,Amphenol Corp.,Manufacturing
APH,54.82,54.9,55.15,54.675,2207804,0.0002,2020-08-31,Amphenol Corp.,Manufacturing
APH,55.0,55.395,55.515,54.705,2508446,0.009,2020-09-01,Amphenol Corp.,Manufacturing
APH,55.745,56.48,56.625,55.385,2726064,0.0196,2020-09-02,Amphenol Corp.,Manufacturing
APH,56.33,54.235,56.335,53.83,2518398,-0.0397,2020-09-03,Amphenol Corp.,Manufacturing
APH,54.735,54.225,54.815,53.255,2605914,-0.0002,2020-09-04,Amphenol Corp.,Manufacturing
APH,53.335,52.53,53.785,52.475,3394772,-0.0313,2020-09-08,Amphenol Corp.,Manufacturing
APH,53.25,53.39,53.895,52.9275,5238476,0.0164,2020-09-09,Amphenol Corp.,Manufacturing
APH,53.745,52.265,53.985,52.025,2732418,-0.0211,2020-09-10,Amphenol Corp.,Manufacturing
APH,52.685,52.145,53.065,51.935,3418782,-0.0023,2020-09-11,Amphenol Corp.,Manufacturing
APH,52.695,53.39,53.52,52.625,2506642,0.0239,2020-09-14,Amphenol Corp.,Manufacturing
APH,53.735,54.165,54.6525,53.65,1802848,0.0145,2020-09-15,Amphenol Corp.,Manufacturing
APH,55.0,54.54,55.13,54.44,2708620,0.0069,2020-09-16,Amphenol Corp.,Manufacturing
APH,54.055,54.94,55.2225,53.92,3991350,0.0073,2020-09-17,Amphenol Corp.,Manufacturing
APH,54.87,54.435,55.38,54.115,4142572,-0.0092,2020-09-18,Amphenol Corp.,Manufacturing
APH,53.605,51.745,53.84,51.455,3167634,-0.0494,2020-09-21,Amphenol Corp.,Manufacturing
APH,51.895,52.31,52.425,50.845,3259312,0.0109,2020-09-22,Amphenol Corp.,Manufacturing
APH,52.255,51.645,52.625,51.4,3046012,-0.0127,2020-09-23,Amphenol Corp.,Manufacturing
APH,51.355,52.095,52.8,51.21,2676956,0.0087,2020-09-24,Amphenol Corp.,Manufacturing
APH,51.82,52.83,53.065,51.585,2242946,0.0141,2020-09-25,Amphenol Corp.,Manufacturing
APH,53.765,54.09,54.47,53.5,2410472,0.0239,2020-09-28,Amphenol Corp.,Manufacturing
APH,54.355,54.315,54.64,53.805,3036824,0.0042,2020-09-29,Amphenol Corp.,Manufacturing
APH,54.52,54.135,54.895,53.7953,3697188,-0.0033,2020-09-30,Amphenol Corp.,Manufacturing
ANSS,291.12,294.32,295.57,287.33,401098,0.0,2020-07-01,Ansys Inc.,Information
ANSS,295.39,297.97,299.735,295.39,338432,0.0124,2020-07-02,Ansys Inc.,Information
ANSS,300.19,301.64,307.31,299.4,537142,0.0123,2020-07-06,Ansys Inc.,Information
ANSS,301.42,299.32,306.23,299.16,338997,-0.0077,2020-07-07,Ansys Inc.,Information
ANSS,301.69,301.9,303.09,297.62,249530,0.0086,2020-07-08,Ansys Inc.,Information
ANSS,302.57,304.69,307.6,301.19,430270,0.0092,2020-07-09,Ansys Inc.,Information
ANSS,303.25,301.65,305.11,298.84,247889,-0.01,2020-07-10,Ansys Inc.,Information
ANSS,303.67,295.56,306.26,293.73,432114,-0.0202,2020-07-13,Ansys Inc.,Information
ANSS,291.19,301.04,301.27,289.08,506912,0.0185,2020-07-14,Ansys Inc.,Information
ANSS,301.27,301.04,304.49,297.26,298246,0.0,2020-07-15,Ansys Inc.,Information
ANSS,299.72,295.3,299.72,291.445,504036,-0.0191,2020-07-16,Ansys Inc.,Information
ANSS,297.1,301.13,301.45,293.57,551151,0.0197,2020-07-17,Ansys Inc.,Information
ANSS,301.48,309.11,309.57,299.88,279200,0.0265,2020-07-20,Ansys Inc.,Information
ANSS,309.88,305.75,310.05,303.76,442950,-0.0109,2020-07-21,Ansys Inc.,Information
ANSS,307.62,306.89,310.0,304.71,247223,0.0037,2020-07-22,Ansys Inc.,Information
ANSS,307.13,300.15,309.34,298.56,365105,-0.022,2020-07-23,Ansys Inc.,Information
ANSS,297.15,293.51,298.03,291.55,619984,-0.0221,2020-07-24,Ansys Inc.,Information
ANSS,294.97,300.17,300.62,294.97,348953,0.0227,2020-07-27,Ansys Inc.,Information
ANSS,299.87,298.22,303.27,296.78,543611,-0.0065,2020-07-28,Ansys Inc.,Information
ANSS,300.98,306.05,308.33,300.56,360007,0.0263,2020-07-29,Ansys Inc.,Information
ANSS,302.16,309.67,311.47,300.14,344353,0.0118,2020-07-30,Ansys Inc.,Information
ANSS,312.56,310.6,312.56,304.81,276023,0.003,2020-07-31,Ansys Inc.,Information
ANSS,311.62,315.23,316.52,310.59,370851,0.0149,2020-08-03,Ansys Inc.,Information
ANSS,313.76,308.78,314.94,307.16,524194,-0.0205,2020-08-04,Ansys Inc.,Information
ANSS,312.06,312.27,319.83,309.875,419538,0.0113,2020-08-05,Ansys Inc.,Information
ANSS,313.05,315.25,319.83,311.1,521661,0.0095,2020-08-06,Ansys Inc.,Information
ANSS,313.85,312.37,318.0,308.75,326063,-0.0091,2020-08-07,Ansys Inc.,Information
ANSS,311.62,308.78,311.62,301.56,366467,-0.0115,2020-08-10,Ansys Inc.,Information
ANSS,307.87,301.92,307.87,300.48,293599,-0.0222,2020-08-11,Ansys Inc.,Information
ANSS,302.28,308.4,310.1,302.28,242665,0.0215,2020-08-12,Ansys Inc.,Information
ANSS,309.41,314.77,319.43,309.41,319382,0.0207,2020-08-13,Ansys Inc.,Information
ANSS,314.24,313.19,317.08,311.06,250929,-0.005,2020-08-14,Ansys Inc.,Information
ANSS,315.15,317.36,319.675,315.15,277165,0.0133,2020-08-17,Ansys Inc.,Information
ANSS,319.56,320.47,322.405,317.54,267318,0.0098,2020-08-18,Ansys Inc.,Information
ANSS,321.51,319.53,322.86,316.22,234969,-0.0029,2020-08-19,Ansys Inc.,Information
ANSS,319.14,328.32,328.92,318.78,300788,0.0275,2020-08-20,Ansys Inc.,Information
ANSS,327.92,324.5,327.92,322.38,462841,-0.0116,2020-08-21,Ansys Inc.,Information
ANSS,327.41,325.25,330.32,322.66,368979,0.0023,2020-08-24,Ansys Inc.,Information
ANSS,325.75,326.49,328.97,324.165,296265,0.0038,2020-08-25,Ansys Inc.,Information
ANSS,324.41,331.48,333.23,324.295,340214,0.0153,2020-08-26,Ansys Inc.,Information
ANSS,334.51,332.34,334.89,327.72,234836,0.0026,2020-08-27,Ansys Inc.,Information
ANSS,332.36,336.71,336.72,332.26,626458,0.0131,2020-08-28,Ansys Inc.,Information
ANSS,336.65,339.01,340.03,334.64,518039,0.0068,2020-08-31,Ansys Inc.,Information
ANSS,338.95,343.89,345.395,338.22,342486,0.0144,2020-09-01,Ansys Inc.,Information
ANSS,354.87,350.59,354.87,343.68,379254,0.0195,2020-09-02,Ansys Inc.,Information
ANSS,344.55,332.14,346.88,328.24,510902,-0.0526,2020-09-03,Ansys Inc.,Information
ANSS,330.22,321.21,333.23,313.73,586309,-0.0329,2020-09-04,Ansys Inc.,Information
ANSS,311.35,308.61,319.0,306.5294,551031,-0.0392,2020-09-08,Ansys Inc.,Information
ANSS,314.78,320.05,322.305,310.41,506316,0.0371,2020-09-09,Ansys Inc.,Information
ANSS,323.68,317.42,327.975,315.35,442757,-0.0082,2020-09-10,Ansys Inc.,Information
ANSS,318.48,314.08,320.75,309.74,341449,-0.0105,2020-09-11,Ansys Inc.,Information
ANSS,318.69,321.6,323.58,317.62,266869,0.0239,2020-09-14,Ansys Inc.,Information
ANSS,323.78,328.21,330.0295,321.765,251642,0.0206,2020-09-15,Ansys Inc.,Information
ANSS,331.44,317.89,331.44,317.43,499648,-0.0314,2020-09-16,Ansys Inc.,Information
ANSS,308.83,308.88,313.3,305.01,518402,-0.0283,2020-09-17,Ansys Inc.,Information
ANSS,309.24,305.08,312.0,299.89,800944,-0.0123,2020-09-18,Ansys Inc.,Information
ANSS,300.91,309.19,309.47,298.35,700436,0.0135,2020-09-21,Ansys Inc.,Information
ANSS,310.86,315.44,316.04,307.79,292790,0.0202,2020-09-22,Ansys Inc.,Information
ANSS,313.83,302.55,313.83,301.0,310341,-0.0409,2020-09-23,Ansys Inc.,Information
ANSS,300.28,304.41,307.88,298.76,275091,0.0061,2020-09-24,Ansys Inc.,Information
ANSS,303.71,312.16,312.89,301.38,361331,0.0255,2020-09-25,Ansys Inc.,Information
ANSS,318.36,318.8,320.24,315.54,326520,0.0213,2020-09-28,Ansys Inc.,Information
ANSS,318.22,319.51,321.87,317.36,474905,0.0022,2020-09-29,Ansys Inc.,Information
ANSS,318.51,327.23,328.79,317.35,682274,0.0242,2020-09-30,Ansys Inc.,Information
ABT,91.98,91.64,91.98,90.43,3389696,0.0,2020-07-01,Abbott Laboratories,Manufacturing
ABT,92.5,92.23,93.06,91.93,3845629,0.0064,2020-07-02,Abbott Laboratories,Manufacturing
ABT,92.76,92.97,93.97,92.453,5919133,0.008,2020-07-06,Abbott Laboratories,Manufacturing
ABT,92.46,92.46,93.4,92.09,3389384,-0.0055,2020-07-07,Abbott Laboratories,Manufacturing
ABT,92.84,92.58,93.6689,91.4984,3815476,0.0013,2020-07-08,Abbott Laboratories,Manufacturing
ABT,92.74,93.67,94.88,91.85,4576764,0.0118,2020-07-09,Abbott Laboratories,Manufacturing
ABT,93.47,93.04,93.8,92.3238,2923198,-0.0067,2020-07-10,Abbott Laboratories,Manufacturing
ABT,93.14,93.09,95.62,92.79,4297599,0.0005,2020-07-13,Abbott Laboratories,Manufacturing
ABT,92.64,94.82,94.98,91.71,4122763,0.0186,2020-07-14,Abbott Laboratories,Manufacturing
ABT,95.9,96.73,97.13,95.77,6205012,0.0201,2020-07-15,Abbott Laboratories,Manufacturing
ABT,97.85,96.4,97.99,94.29,7582201,-0.0034,2020-07-16,Abbott Laboratories,Manufacturing
ABT,97.87,99.25,100.0,97.68,8339994,0.0296,2020-07-17,Abbott Laboratories,Manufacturing
ABT,100.0,99.08,100.71,98.72,5677858,-0.0017,2020-07-20,Abbott Laboratories,Manufacturing
ABT,98.88,98.19,99.48,97.76,5064872,-0.009,2020-07-21,Abbott Laboratories,Manufacturing
ABT,98.11,100.19,100.57,98.0,4662048,0.0204,2020-07-22,Abbott Laboratories,Manufacturing
ABT,100.28,100.82,101.98,100.07,5905762,0.0063,2020-07-23,Abbott Laboratories,Manufacturing
ABT,100.21,98.95,100.21,98.36,4534668,-0.0185,2020-07-24,Abbott Laboratories,Manufacturing
ABT,98.55,99.99,100.28,98.4111,3718001,0.0105,2020-07-27,Abbott Laboratories,Manufacturing
ABT,100.14,99.86,100.79,99.27,4114163,-0.0013,2020-07-28,Abbott Laboratories,Manufacturing
ABT,100.18,102.52,102.8931,100.09,4744441,0.0266,2020-07-29,Abbott Laboratories,Manufacturing
ABT,100.98,101.53,101.58,100.24,3176855,-0.0097,2020-07-30,Abbott Laboratories,Manufacturing
ABT,101.21,100.64,101.37,99.12,4604259,-0.0088,2020-07-31,Abbott Laboratories,Manufacturing
ABT,101.08,100.68,101.55,100.21,3671149,0.0004,2020-08-03,Abbott Laboratories,Manufacturing
ABT,100.16,99.93,100.68,99.28,2730588,-0.0074,2020-08-04,Abbott Laboratories,Manufacturing
ABT,99.97,102.14,102.36,99.88,4416036,0.0221,2020-08-05,Abbott Laboratories,Manufacturing
ABT,101.52,101.75,101.8,99.92,3942990,-0.0038,2020-08-06,Abbott Laboratories,Manufacturing
ABT,101.6999,101.23,102.3,100.56,3141906,-0.0051,2020-08-07,Abbott Laboratories,Manufacturing
ABT,100.94,100.04,101.26,100.03,2776738,-0.0118,2020-08-10,Abbott Laboratories,Manufacturing
ABT,100.43,99.06,100.43,98.67,4823354,-0.0098,2020-08-11,Abbott Laboratories,Manufacturing
ABT,99.55,100.65,101.1,99.315,2668968,0.0161,2020-08-12,Abbott Laboratories,Manufacturing
ABT,100.34,101.1,101.2693,100.0,2951812,0.0045,2020-08-13,Abbott Laboratories,Manufacturing
ABT,100.93,99.99,101.22,99.575,2740192,-0.011,2020-08-14,Abbott Laboratories,Manufacturing
ABT,100.3,100.71,101.42,100.21,4657356,0.0072,2020-08-17,Abbott Laboratories,Manufacturing
ABT,101.09,100.96,101.72,100.43,3777618,0.0025,2020-08-18,Abbott Laboratories,Manufacturing
ABT,101.08,100.48,101.62,100.33,2716887,-0.0048,2020-08-19,Abbott Laboratories,Manufacturing
ABT,99.99,101.63,102.02,99.75,3548902,0.0114,2020-08-20,Abbott Laboratories,Manufacturing
ABT,101.63,102.4,102.54,100.84,3585115,0.0076,2020-08-21,Abbott Laboratories,Manufacturing
ABT,102.7,101.39,103.23,100.7,3212943,-0.0099,2020-08-24,Abbott Laboratories,Manufacturing
ABT,101.98,102.47,102.9026,101.52,2626522,0.0107,2020-08-25,Abbott Laboratories,Manufacturing
ABT,101.99,103.19,103.29,101.26,2968816,0.007,2020-08-26,Abbott Laboratories,Manufacturing
ABT,111.01,111.29,114.0,109.52,36319012,0.0785,2020-08-27,Abbott Laboratories,Manufacturing
ABT,113.54,110.79,114.195,109.405,17203952,-0.0045,2020-08-28,Abbott Laboratories,Manufacturing
ABT,110.7,109.47,111.74,109.26,6943209,-0.0119,2020-08-31,Abbott Laboratories,Manufacturing
ABT,108.93,106.55,109.065,105.58,7967973,-0.0267,2020-09-01,Abbott Laboratories,Manufacturing
ABT,106.45,109.44,109.91,105.88,5843679,0.0271,2020-09-02,Abbott Laboratories,Manufacturing
ABT,108.7,105.53,108.94,104.3,6096925,-0.0357,2020-09-03,Abbott Laboratories,Manufacturing
ABT,105.45,104.16,106.04,102.42,5027723,-0.013,2020-09-04,Abbott Laboratories,Manufacturing
ABT,103.17,102.84,103.8164,102.43,5217691,-0.0127,2020-09-08,Abbott Laboratories,Manufacturing
ABT,104.26,105.81,106.9299,104.13,4365102,0.0289,2020-09-09,Abbott Laboratories,Manufacturing
ABT,105.6,104.0,105.6,103.73,4271232,-0.0171,2020-09-10,Abbott Laboratories,Manufacturing
ABT,105.28,104.7,105.7,104.3248,4111262,0.0067,2020-09-11,Abbott Laboratories,Manufacturing
ABT,105.59,105.69,106.66,105.12,3824100,0.0095,2020-09-14,Abbott Laboratories,Manufacturing
ABT,107.0,106.58,107.53,106.17,3654948,0.0084,2020-09-15,Abbott Laboratories,Manufacturing
ABT,106.95,105.7,107.37,105.66,4244419,-0.0083,2020-09-16,Abbott Laboratories,Manufacturing
ABT,104.96,106.66,106.75,104.3922,4283743,0.0091,2020-09-17,Abbott Laboratories,Manufacturing
ABT,106.56,106.86,107.99,106.14,7622454,0.0019,2020-09-18,Abbott Laboratories,Manufacturing
ABT,105.8,105.95,106.46,104.46,4559845,-0.0085,2020-09-21,Abbott Laboratories,Manufacturing
ABT,105.46,104.8,105.52,103.565,4180254,-0.0109,2020-09-22,Abbott Laboratories,Manufacturing
ABT,104.99,102.73,104.99,102.23,4040141,-0.0198,2020-09-23,Abbott Laboratories,Manufacturing
ABT,102.75,100.92,103.53,100.47,7603993,-0.0176,2020-09-24,Abbott Laboratories,Manufacturing
ABT,100.56,103.45,103.61,100.34,5060317,0.0251,2020-09-25,Abbott Laboratories,Manufacturing
ABT,104.24,104.44,105.25,103.82,5515469,0.0096,2020-09-28,Abbott Laboratories,Manufacturing
ABT,106.01,105.19,106.41,104.92,4470770,0.0072,2020-09-29,Abbott Laboratories,Manufacturing
ABT,105.99,108.83,109.48,105.74,9487040,0.0346,2020-09-30,Abbott Laboratories,Manufacturing
ABBV,98.5,99.14,99.655,97.5,6522930,0.0,2020-07-01,Abbvie Inc,Manufacturing
ABBV,99.45,98.88,99.99,97.86,6158784,-0.0026,2020-07-02,Abbvie Inc,Manufacturing
ABBV,99.64,99.01,99.8,97.95,7038977,0.0013,2020-07-06,Abbvie Inc,Manufacturing
ABBV,98.68,99.35,100.69,98.56,6345646,0.0034,2020-07-07,Abbvie Inc,Manufacturing
ABBV,99.75,99.28,100.57,98.55,6154648,-0.0007,2020-07-08,Abbvie Inc,Manufacturing
ABBV,99.08,97.94,99.78,96.81,5817301,-0.0135,2020-07-09,Abbvie Inc,Manufacturing
ABBV,98.06,96.83,98.33,96.36,6202489,-0.0113,2020-07-10,Abbvie Inc,Manufacturing
ABBV,97.36,97.86,99.56,96.92,8507428,0.0106,2020-07-13,Abbvie Inc,Manufacturing
ABBV,96.97,98.87,99.0999,95.94,6765641,0.0103,2020-07-14,Abbvie Inc,Manufacturing
ABBV,100.0,100.48,100.48,98.82,5661647,0.0163,2020-07-15,Abbvie Inc,Manufacturing
ABBV,99.69,99.92,100.23,98.81,4269599,-0.0056,2020-07-16,Abbvie Inc,Manufacturing
ABBV,100.29,100.83,101.28,99.92,6896147,0.0091,2020-07-17,Abbvie Inc,Manufacturing
ABBV,100.76,99.54,101.25,99.255,4823296,-0.0128,2020-07-20,Abbvie Inc,Manufacturing
ABBV,99.81,97.4,99.81,97.17,8240543,-0.0215,2020-07-21,Abbvie Inc,Manufacturing
ABBV,97.8,97.7,98.2801,96.93,4441837,0.0031,2020-07-22,Abbvie Inc,Manufacturing
ABBV,98.24,98.03,98.92,97.45,5127240,0.0034,2020-07-23,Abbvie Inc,Manufacturing
ABBV,98.05,97.11,98.19,96.46,5169385,-0.0094,2020-07-24,Abbvie Inc,Manufacturing
ABBV,96.35,97.16,97.89,96.26,5030716,0.0005,2020-07-27,Abbvie Inc,Manufacturing
ABBV,97.0,96.71,97.62,96.455,5941905,-0.0046,2020-07-28,Abbvie Inc,Manufacturing
ABBV,96.87,97.01,97.4,96.6417,5511997,0.0031,2020-07-29,Abbvie Inc,Manufacturing
ABBV,96.31,96.04,96.74,95.405,6411485,-0.01,2020-07-30,Abbvie Inc,Manufacturing
ABBV,95.54,94.91,97.2504,93.55,14614332,-0.0118,2020-07-31,Abbvie Inc,Manufacturing
ABBV,95.19,95.94,97.17,95.06,6920500,0.0109,2020-08-03,Abbvie Inc,Manufacturing
ABBV,95.92,94.29,96.03,94.055,7865121,-0.0172,2020-08-04,Abbvie Inc,Manufacturing
ABBV,94.47,93.25,94.8,93.1286,6932657,-0.011,2020-08-05,Abbvie Inc,Manufacturing
ABBV,93.32,92.57,93.65,91.78,7269306,-0.0073,2020-08-06,Abbvie Inc,Manufacturing
ABBV,92.69,92.92,93.0,92.2,5227010,0.0038,2020-08-07,Abbvie Inc,Manufacturing
ABBV,92.63,92.38,93.67,92.15,7623616,-0.0058,2020-08-10,Abbvie Inc,Manufacturing
ABBV,92.31,92.67,93.29,92.13,7208384,0.0031,2020-08-11,Abbvie Inc,Manufacturing
ABBV,93.45,95.51,95.58,93.33,7705938,0.0306,2020-08-12,Abbvie Inc,Manufacturing
ABBV,95.14,94.68,95.5,94.005,6004395,-0.0087,2020-08-13,Abbvie Inc,Manufacturing
ABBV,95.38,95.07,95.67,94.54,5488458,0.0041,2020-08-14,Abbvie Inc,Manufacturing
ABBV,95.29,96.35,97.26,95.26,7251444,0.0135,2020-08-17,Abbvie Inc,Manufacturing
ABBV,96.62,95.65,96.7,95.1458,4557442,-0.0073,2020-08-18,Abbvie Inc,Manufacturing
ABBV,97.11,96.1,97.42,95.85,7671999,0.0047,2020-08-19,Abbvie Inc,Manufacturing
ABBV,95.49,95.2,96.03,94.682,6798058,-0.0094,2020-08-20,Abbvie Inc,Manufacturing
ABBV,95.2,94.86,95.32,94.32,5268986,-0.0036,2020-08-21,Abbvie Inc,Manufacturing
ABBV,94.9,94.51,95.235,94.18,4103551,-0.0037,2020-08-24,Abbvie Inc,Manufacturing
ABBV,94.21,94.06,94.79,93.91,6709995,-0.0048,2020-08-25,Abbvie Inc,Manufacturing
ABBV,93.5,94.35,94.41,92.94,5682842,0.0031,2020-08-26,Abbvie Inc,Manufacturing
ABBV,94.33,94.3,95.06,93.67,5271517,-0.0005,2020-08-27,Abbvie Inc,Manufacturing
ABBV,94.52,94.17,94.65,93.53,4938715,-0.0014,2020-08-28,Abbvie Inc,Manufacturing
ABBV,94.12,95.77,96.01,94.01,9932323,0.017,2020-08-31,Abbvie Inc,Manufacturing
ABBV,95.52,92.24,95.92,91.29,15817818,-0.0369,2020-09-01,Abbvie Inc,Manufacturing
ABBV,92.07,93.95,94.24,91.9,9139151,0.0185,2020-09-02,Abbvie Inc,Manufacturing
ABBV,93.88,91.87,94.31,91.09,8921855,-0.0221,2020-09-03,Abbvie Inc,Manufacturing
ABBV,92.08,91.87,93.133,90.5801,9444845,0.0,2020-09-04,Abbvie Inc,Manufacturing
ABBV,91.52,90.22,91.86,89.45,8563903,-0.018,2020-09-08,Abbvie Inc,Manufacturing
ABBV,90.86,91.63,92.4295,90.51,5373513,0.0156,2020-09-09,Abbvie Inc,Manufacturing
ABBV,91.07,89.65,91.41,89.48,10403581,-0.0216,2020-09-10,Abbvie Inc,Manufacturing
ABBV,89.81,89.7,90.34,89.04,8385750,0.0006,2020-09-11,Abbvie Inc,Manufacturing
ABBV,90.05,90.49,91.26,89.46,5212480,0.0088,2020-09-14,Abbvie Inc,Manufacturing
ABBV,91.4,90.91,91.98,90.635,3851321,0.0046,2020-09-15,Abbvie Inc,Manufacturing
ABBV,91.02,89.78,91.27,89.685,6307956,-0.0124,2020-09-16,Abbvie Inc,Manufacturing
ABBV,89.3,89.63,90.81,89.175,5604683,-0.0017,2020-09-17,Abbvie Inc,Manufacturing
ABBV,89.49,90.11,90.5,88.86,10076304,0.0054,2020-09-18,Abbvie Inc,Manufacturing
ABBV,89.14,89.09,89.43,87.17,7328258,-0.0113,2020-09-21,Abbvie Inc,Manufacturing
ABBV,88.9,88.6,88.95,87.93,5306130,-0.0055,2020-09-22,Abbvie Inc,Manufacturing
ABBV,89.0,87.14,89.27,87.119,6252954,-0.0165,2020-09-23,Abbvie Inc,Manufacturing
ABBV,87.0,85.91,87.0,85.32,9980810,-0.0141,2020-09-24,Abbvie Inc,Manufacturing
ABBV,86.0,86.23,86.86,85.46,9935566,0.0037,2020-09-25,Abbvie Inc,Manufacturing
ABBV,87.29,87.28,88.2,86.87,6306923,0.0122,2020-09-28,Abbvie Inc,Manufacturing
ABBV,87.11,86.89,87.28,86.31,5510185,-0.0045,2020-09-29,Abbvie Inc,Manufacturing
ABBV,87.0,87.59,88.44,86.81,8209345,0.0081,2020-09-30,Abbvie Inc,Manufacturing
UPS,117.86,114.42,119.91,114.25,8982119,0.0,2020-07-01,"United Parcel Service, Inc.",Transportation and Warehousing
UPS,115.61,114.36,115.88,114.25,3442899,-0.0005,2020-07-02,"United Parcel Service, Inc.",Transportation and Warehousing
UPS,115.67,115.36,115.79,114.61,3445894,0.0087,2020-07-06,"United Parcel Service, Inc.",Transportation and Warehousing
UPS,114.16,114.45,115.45,113.87,2194909,-0.0079,2020-07-07,"United Parcel Service, Inc.",Transportation and Warehousing
UPS,114.52,114.47,115.27,113.98,3051631,0.0002,2020-07-08,"United Parcel Service, Inc.",Transportation and Warehousing
UPS,114.5,114.45,115.035,113.71,2366245,-0.0002,2020-07-09,"United Parcel Service, Inc.",Transportation and Warehousing
UPS,114.7,115.07,115.655,113.99,2281810,0.0054,2020-07-10,"United Parcel Service, Inc.",Transportation and Warehousing
UPS,115.62,113.76,115.76,113.72,2301740,-0.0114,2020-07-13,"United Parcel Service, Inc.",Transportation and Warehousing
UPS,113.57,115.33,115.65,113.045,2538304,0.0138,2020-07-14,"United Parcel Service, Inc.",Transportation and Warehousing
UPS,116.72,119.21,119.71,116.11,4841822,0.0336,2020-07-15,"United Parcel Service, Inc.",Transportation and Warehousing
UPS,118.8,119.74,119.85,118.17,2528223,0.0044,2020-07-16,"United Parcel Service, Inc.",Transportation and Warehousing
UPS,120.0,118.55,120.68,118.46,2782746,-0.0099,2020-07-17,"United Parcel Service, Inc.",Transportation and Warehousing
UPS,118.42,118.35,118.72,117.06,2366340,-0.0017,2020-07-20,"United Parcel Service, Inc.",Transportation and Warehousing
UPS,119.0,119.04,120.3039,118.82,2055254,0.0058,2020-07-21,"United Parcel Service, Inc.",Transportation and Warehousing
UPS,118.75,118.72,119.25,117.9,3508335,-0.0027,2020-07-22,"United Parcel Service, Inc.",Transportation and Warehousing
UPS,118.71,118.14,119.4,117.9486,2349242,-0.0049,2020-07-23,"United Parcel Service, Inc.",Transportation and Warehousing
UPS,118.16,118.35,119.48,117.56,2539333,0.0018,2020-07-24,"United Parcel Service, Inc.",Transportation and Warehousing
UPS,118.12,121.01,121.78,117.54,4446332,0.0225,2020-07-27,"United Parcel Service, Inc.",Transportation and Warehousing
UPS,120.22,119.62,120.74,119.2305,2497558,-0.0115,2020-07-28,"United Parcel Service, Inc.",Transportation and Warehousing
UPS,120.58,123.68,124.3,120.43,6769558,0.0339,2020-07-29,"United Parcel Service, Inc.",Transportation and Warehousing
UPS,137.66,141.46,145.5,135.15,30970862,0.1438,2020-07-30,"United Parcel Service, Inc.",Transportation and Warehousing
UPS,141.82,142.76,144.13,139.7,7430530,0.0092,2020-07-31,"United Parcel Service, Inc.",Transportation and Warehousing
UPS,143.47,142.18,143.5,140.535,4317457,-0.0041,2020-08-03,"United Parcel Service, Inc.",Transportation and Warehousing
UPS,141.63,144.72,145.94,141.34,4841713,0.0179,2020-08-04,"United Parcel Service, Inc.",Transportation and Warehousing
UPS,145.35,145.08,146.0,143.28,3949624,0.0025,2020-08-05,"United Parcel Service, Inc.",Transportation and Warehousing
UPS,144.97,145.47,145.66,144.435,2420884,0.0027,2020-08-06,"United Parcel Service, Inc.",Transportation and Warehousing
UPS,145.68,156.9,156.9,145.59,10074185,0.0786,2020-08-07,"United Parcel Service, Inc.",Transportation and Warehousing
UPS,157.47,159.59,162.7,157.0,7396436,0.0171,2020-08-10,"United Parcel Service, Inc.",Transportation and Warehousing
UPS,160.66,155.85,161.26,154.8784,6071886,-0.0234,2020-08-11,"United Parcel Service, Inc.",Transportation and Warehousing
UPS,157.25,157.79,160.25,156.4,4248347,0.0124,2020-08-12,"United Parcel Service, Inc.",Transportation and Warehousing
UPS,156.77,159.29,159.72,156.4801,2848426,0.0095,2020-08-13,"United Parcel Service, Inc.",Transportation and Warehousing
UPS,158.73,160.74,162.43,158.38,3479442,0.0091,2020-08-14,"United Parcel Service, Inc.",Transportation and Warehousing
UPS,161.11,160.3,162.1399,159.75,2408862,-0.0027,2020-08-17,"United Parcel Service, Inc.",Transportation and Warehousing
UPS,160.39,159.99,161.345,159.05,2606620,-0.0019,2020-08-18,"United Parcel Service, Inc.",Transportation and Warehousing
UPS,160.55,160.34,161.8899,159.86,2691647,0.0022,2020-08-19,"United Parcel Service, Inc.",Transportation and Warehousing
UPS,159.16,159.55,160.26,157.31,2296675,-0.0049,2020-08-20,"United Parcel Service, Inc.",Transportation and Warehousing
UPS,158.76,159.03,160.24,157.52,4420781,-0.0033,2020-08-21,"United Parcel Service, Inc.",Transportation and Warehousing
UPS,159.72,160.35,161.06,159.07,4083973,0.0083,2020-08-24,"United Parcel Service, Inc.",Transportation and Warehousing
UPS,161.56,159.04,162.4,158.05,2931507,-0.0082,2020-08-25,"United Parcel Service, Inc.",Transportation and Warehousing
UPS,159.01,158.9,159.97,157.86,2761697,-0.0009,2020-08-26,"United Parcel Service, Inc.",Transportation and Warehousing
UPS,159.74,160.21,160.97,158.715,2913417,0.0082,2020-08-27,"United Parcel Service, Inc.",Transportation and Warehousing
UPS,160.52,162.36,162.61,159.34,2979753,0.0134,2020-08-28,"United Parcel Service, Inc.",Transportation and Warehousing
UPS,161.73,163.62,165.22,161.26,3960911,0.0078,2020-08-31,"United Parcel Service, Inc.",Transportation and Warehousing
UPS,163.13,162.65,164.14,161.55,3097988,-0.0059,2020-09-01,"United Parcel Service, Inc.",Transportation and Warehousing
UPS,163.25,165.78,166.2,162.2,3778036,0.0192,2020-09-02,"United Parcel Service, Inc.",Transportation and Warehousing
UPS,162.27,158.02,163.4499,156.95,4759929,-0.0468,2020-09-03,"United Parcel Service, Inc.",Transportation and Warehousing
UPS,160.24,160.78,161.845,154.63,3601254,0.0175,2020-09-04,"United Parcel Service, Inc.",Transportation and Warehousing
UPS,160.03,156.45,160.06,155.96,3176440,-0.0269,2020-09-08,"United Parcel Service, Inc.",Transportation and Warehousing
UPS,158.05,159.8,160.96,158.05,2317590,0.0214,2020-09-09,"United Parcel Service, Inc.",Transportation and Warehousing
UPS,160.99,157.89,161.26,157.08,2450935,-0.012,2020-09-10,"United Parcel Service, Inc.",Transportation and Warehousing
UPS,158.49,158.87,160.61,157.43,2466753,0.0062,2020-09-11,"United Parcel Service, Inc.",Transportation and Warehousing
UPS,160.9,160.14,162.16,159.03,3617868,0.008,2020-09-14,"United Parcel Service, Inc.",Transportation and Warehousing
UPS,160.58,161.53,161.77,158.37,3238544,0.0087,2020-09-15,"United Parcel Service, Inc.",Transportation and Warehousing
UPS,166.8,159.87,167.36,159.53,5737965,-0.0103,2020-09-16,"United Parcel Service, Inc.",Transportation and Warehousing
UPS,157.04,159.75,160.2675,156.965,3002230,-0.0008,2020-09-17,"United Parcel Service, Inc.",Transportation and Warehousing
UPS,160.14,159.66,163.75,159.42,7274026,-0.0006,2020-09-18,"United Parcel Service, Inc.",Transportation and Warehousing
UPS,161.42,161.06,162.95,157.38,3894369,0.0088,2020-09-21,"United Parcel Service, Inc.",Transportation and Warehousing
UPS,160.34,161.89,162.14,159.5723,3051924,0.0052,2020-09-22,"United Parcel Service, Inc.",Transportation and Warehousing
UPS,162.5,161.55,165.76,161.34,3842426,-0.0021,2020-09-23,"United Parcel Service, Inc.",Transportation and Warehousing
UPS,161.12,160.41,162.57,157.991,2975055,-0.0071,2020-09-24,"United Parcel Service, Inc.",Transportation and Warehousing
UPS,159.27,166.12,167.0,159.27,4399307,0.0356,2020-09-25,"United Parcel Service, Inc.",Transportation and Warehousing
UPS,169.91,168.9,171.98,168.49,4338375,0.0167,2020-09-28,"United Parcel Service, Inc.",Transportation and Warehousing
UPS,168.81,168.5,170.465,167.115,3138099,-0.0024,2020-09-29,"United Parcel Service, Inc.",Transportation and Warehousing
UPS,169.29,166.63,169.67,165.5,5426716,-0.0111,2020-09-30,"United Parcel Service, Inc.",Transportation and Warehousing
FDX,158.85,156.66,163.65,155.76,17967540,0.0,2020-07-01,Fedex Corp,Transportation and Warehousing
FDX,158.6,155.48,159.7225,155.28,4046921,-0.0075,2020-07-02,Fedex Corp,Transportation and Warehousing
FDX,157.9,156.27,158.4,153.6625,3015750,0.0051,2020-07-06,Fedex Corp,Transportation and Warehousing
FDX,154.27,158.54,159.95,154.13,2583112,0.0145,2020-07-07,Fedex Corp,Transportation and Warehousing
FDX,158.12,158.56,159.38,156.27,2110946,0.0001,2020-07-08,Fedex Corp,Transportation and Warehousing
FDX,158.0,155.74,158.75,155.32,2238292,-0.0178,2020-07-09,Fedex Corp,Transportation and Warehousing
FDX,156.2,158.59,159.01,155.97,1746204,0.0183,2020-07-10,Fedex Corp,Transportation and Warehousing
FDX,160.0,156.23,160.22,155.66,1736054,-0.0149,2020-07-13,Fedex Corp,Transportation and Warehousing
FDX,156.23,158.5,158.92,155.53,1641132,0.0145,2020-07-14,Fedex Corp,Transportation and Warehousing
FDX,160.42,161.25,162.53,159.04,3333046,0.0174,2020-07-15,Fedex Corp,Transportation and Warehousing
FDX,161.77,166.1,167.1,160.4689,4099971,0.0301,2020-07-16,Fedex Corp,Transportation and Warehousing
FDX,167.28,165.98,168.12,164.91,2048087,-0.0007,2020-07-17,Fedex Corp,Transportation and Warehousing
FDX,164.89,164.13,165.55,162.81,1593586,-0.0111,2020-07-20,Fedex Corp,Transportation and Warehousing
FDX,165.1,165.5,167.56,164.41,1731912,0.0083,2020-07-21,Fedex Corp,Transportation and Warehousing
FDX,164.64,165.14,165.94,163.44,1231859,-0.0022,2020-07-22,Fedex Corp,Transportation and Warehousing
FDX,165.41,165.99,167.39,164.65,1387204,0.0051,2020-07-23,Fedex Corp,Transportation and Warehousing
FDX,164.69,165.04,166.88,164.19,1546235,-0.0057,2020-07-24,Fedex Corp,Transportation and Warehousing
FDX,165.0,170.64,170.72,163.86,2926388,0.0339,2020-07-27,Fedex Corp,Transportation and Warehousing
FDX,169.42,166.93,170.3299,166.711,2374595,-0.0217,2020-07-28,Fedex Corp,Transportation and Warehousing
FDX,167.1,169.55,171.37,167.01,4623873,0.0157,2020-07-29,Fedex Corp,Transportation and Warehousing
FDX,174.15,172.71,174.5,169.8601,5407268,0.0186,2020-07-30,Fedex Corp,Transportation and Warehousing
FDX,172.0,168.4,172.71,167.99,2488103,-0.025,2020-07-31,Fedex Corp,Transportation and Warehousing
FDX,169.55,169.22,170.585,168.53,1503570,0.0049,2020-08-03,Fedex Corp,Transportation and Warehousing
FDX,169.22,170.66,171.48,169.2,1264202,0.0085,2020-08-04,Fedex Corp,Transportation and Warehousing
FDX,171.85,171.7,172.4233,170.2442,1309963,0.0061,2020-08-05,Fedex Corp,Transportation and Warehousing
FDX,172.0,172.24,173.48,171.32,1364902,0.0031,2020-08-06,Fedex Corp,Transportation and Warehousing
FDX,172.47,183.53,183.88,172.47,6311099,0.0655,2020-08-07,Fedex Corp,Transportation and Warehousing
FDX,188.16,199.98,200.46,187.34,10815110,0.0896,2020-08-10,Fedex Corp,Transportation and Warehousing
FDX,199.99,196.45,203.585,195.14,5998248,-0.0177,2020-08-11,Fedex Corp,Transportation and Warehousing
FDX,200.0,201.96,206.24,199.015,6239385,0.028,2020-08-12,Fedex Corp,Transportation and Warehousing
FDX,200.68,203.86,204.79,199.61,3663846,0.0094,2020-08-13,Fedex Corp,Transportation and Warehousing
FDX,202.07,208.6,209.6412,201.86,4632952,0.0233,2020-08-14,Fedex Corp,Transportation and Warehousing
FDX,210.0,206.64,211.56,206.0373,2662020,-0.0094,2020-08-17,Fedex Corp,Transportation and Warehousing
FDX,206.37,206.97,208.43,204.18,3040684,0.0016,2020-08-18,Fedex Corp,Transportation and Warehousing
FDX,206.84,207.88,210.94,206.84,2217960,0.0044,2020-08-19,Fedex Corp,Transportation and Warehousing
FDX,206.23,208.82,209.2,205.06,1532805,0.0045,2020-08-20,Fedex Corp,Transportation and Warehousing
FDX,209.16,210.49,212.94,208.5,2034054,0.008,2020-08-21,Fedex Corp,Transportation and Warehousing
FDX,212.96,217.4,217.95,211.99,3393717,0.0328,2020-08-24,Fedex Corp,Transportation and Warehousing
FDX,219.17,214.31,219.58,213.22,2160235,-0.0142,2020-08-25,Fedex Corp,Transportation and Warehousing
FDX,215.73,215.77,217.12,214.08,1518191,0.0068,2020-08-26,Fedex Corp,Transportation and Warehousing
FDX,216.1,218.21,218.875,215.08,2014856,0.0113,2020-08-27,Fedex Corp,Transportation and Warehousing
FDX,218.23,221.9,223.66,218.01,2996129,0.0169,2020-08-28,Fedex Corp,Transportation and Warehousing
FDX,221.8,219.84,224.2,219.8,1839581,-0.0093,2020-08-31,Fedex Corp,Transportation and Warehousing
FDX,219.99,225.46,226.55,219.1406,1904774,0.0256,2020-09-01,Fedex Corp,Transportation and Warehousing
FDX,227.12,227.91,229.0,223.07,1680746,0.0109,2020-09-02,Fedex Corp,Transportation and Warehousing
FDX,228.13,220.97,231.58,218.59,4003783,-0.0305,2020-09-03,Fedex Corp,Transportation and Warehousing
FDX,222.46,226.12,228.236,217.398,2879820,0.0233,2020-09-04,Fedex Corp,Transportation and Warehousing
FDX,223.79,221.05,225.7478,219.72,2121067,-0.0224,2020-09-08,Fedex Corp,Transportation and Warehousing
FDX,226.0,225.75,228.845,224.12,3222696,0.0213,2020-09-09,Fedex Corp,Transportation and Warehousing
FDX,229.49,224.44,229.49,222.89,2443294,-0.0058,2020-09-10,Fedex Corp,Transportation and Warehousing
FDX,226.44,232.79,233.67,225.47,4865220,0.0372,2020-09-11,Fedex Corp,Transportation and Warehousing
FDX,240.99,236.34,241.0,232.5701,6583670,0.0152,2020-09-14,Fedex Corp,Transportation and Warehousing
FDX,234.99,236.67,239.85,230.51,9847346,0.0014,2020-09-15,Fedex Corp,Transportation and Warehousing
FDX,253.03,250.3,256.18,246.3,17082179,0.0576,2020-09-16,Fedex Corp,Transportation and Warehousing
FDX,242.63,244.08,249.8,242.11,4254299,-0.0249,2020-09-17,Fedex Corp,Transportation and Warehousing
FDX,242.97,242.78,248.2,241.95,4348747,-0.0053,2020-09-18,Fedex Corp,Transportation and Warehousing
FDX,237.95,238.74,239.19,230.27,4109508,-0.0166,2020-09-21,Fedex Corp,Transportation and Warehousing
FDX,239.51,243.42,243.78,235.63,2651668,0.0196,2020-09-22,Fedex Corp,Transportation and Warehousing
FDX,244.99,241.42,250.5104,241.04,3083045,-0.0082,2020-09-23,Fedex Corp,Transportation and Warehousing
FDX,244.01,244.22,247.2,239.5,3048346,0.0116,2020-09-24,Fedex Corp,Transportation and Warehousing
FDX,241.68,250.17,251.8994,241.47,3212430,0.0244,2020-09-25,Fedex Corp,Transportation and Warehousing
FDX,255.27,254.44,259.95,254.08,3309826,0.0171,2020-09-28,Fedex Corp,Transportation and Warehousing
FDX,254.99,253.5,258.2,249.12,2204308,-0.0037,2020-09-29,Fedex Corp,Transportation and Warehousing
FDX,253.47,251.52,257.5061,249.5,2506013,-0.0078,2020-09-30,Fedex Corp,Transportation and Warehousing
